 ;;;;;;
sample_matrix_id;sample_matrix_code;name_vi;sample_matrix_group_id;sample_matrix_group;;
1f9b30f6-dc06-4a5a-8d0a-fd56f300e7de;NM-0001;Bao bì;;BAO BÌ;;
51f0b769-cc97-4cc7-942a-82e8eee797a5;NM-0002;Bao bì dụng cụ bằng cao su tiếp xúc với thực phẩm;;BAO BÌ;;
6ed28810-50f9-4df6-9dbb-4b3bd463099e;NM-0003;Bao bì dụng cụ bằng kim loại tiếp xúc với thực phẩm;;BAO BÌ;;
428f75f5-59f0-4297-a509-b587ce56a288;NM-0004;Bao bì dụng cụ bằng nhựa tiếp xúc với thực phẩm;;BAO BÌ;;
a46d0b3c-1b57-4427-b491-5f3bd4c78641;NM-0005;Bao bì dụng cụ bằng nhựa, cao su tiếp xúc với thực phẩm;;BAO BÌ;;
4546f180-c166-4af0-b1ec-c261311d270e;NM-0006;Bao bì dụng cụ bằng nhựa, cao su, kim loại tiếp xúc với thực phẩm;;BAO BÌ;;
0dc0e0e8-ff94-46c5-8326-6f1050be9df5;NM-0007;Bao bì dụng cụ làm bằng thủy tinh có lòng sâu;;BAO BÌ;;
ce5c3a9d-0392-42b4-ad86-8b856dc34664;NM-0008;Bao bì dụng cụ làm bằng thủy tinh, gốm, gốm thuỷ tinh tiếp xúc trực tiếp với thực phẩm;;BAO BÌ;;
c1790d1b-212f-4105-89f4-f61858158bbb;NM-0009;Bao bì dụng cụ tráng men;;BAO BÌ;;
b3f9c6cb-0072-4175-a877-3ada35436ef8;NM-0010;Bao bì giấy, bao bì nhựa;;BAO BÌ;;
0368ec53-a77d-45df-8bd6-c26b6df8a6ad;NM-0011;Bao bì tiếp xúc thực phẩm từ nhựa nylon (PA);;BAO BÌ;;
ddf4197b-81d1-425b-99bb-6751321f2fd2;NM-0012;Bao bì tiếp xúc thực phẩm từ nhựa polycarbonat (PC);;BAO BÌ;;
c8366128-35aa-4360-9b09-0deb93dab01b;NM-0013;Bao bì tiếp xúc thực phẩm từ nhựa polycarbonat (PC) ;;BAO BÌ;;
165584b0-153a-4bd9-9993-a385d66658e7;NM-0014;Bao bì tiếp xúc thực phẩm từ nhựa polymethyl Metacrylat (PMMA);;BAO BÌ;;
e172af58-7187-46d4-b045-30476aed5072;NM-0015;Bao bì tiếp xúc thực phẩm từ nhựa polystyren (PS);;BAO BÌ;;
50429278-bffb-45af-bff8-dec578b602a1;NM-0016;Bao bì tiếp xúc thực phẩm từ nhựa polyvinyl clorid (PVC);;BAO BÌ;;
bd5a896b-729d-4a1f-acd9-9cd7f25d5adb;NM-0017;Bao bì tiếp xúc thực phẩm từ nhựa Polyvinylden Clorid (PVDC);;BAO BÌ;;
1dd755d9-a2d8-4781-9214-6db8c5694353;NM-0018;Bao bì, dụng cụ đun nấu (trừ gốm, thủy tinh) ;;BAO BÌ;;
157386ba-f5d0-4eb3-b160-fba43c811ff1;NM-0019;Bao bì, dụng cụ tiếp xúc trực tiếp với thực phẩm;;BAO BÌ;;
ed95c2e4-af66-4964-92a7-280ebd1a2d91;NM-0020;Bao bì, vật liệu nhựa tiếp xúc thực phẩm;;BAO BÌ;;
05babc4e-e6cd-4e43-a26f-aa5c71748140;NM-0021;Bao bì, vật liệu vật dụng bằng gốm, gốm thủy tinh tiếp xúc trực tiếp với thực phẩm;;BAO BÌ;;
1b0974df-856a-495a-944d-6db5b3ea90ba;NM-0022;Bao bì, vật liệu vật dụng bằng kim loại tiếp xúc trực tiếp với thực phẩm;;BAO BÌ;;
a93ebd8d-4a53-42f8-ad4d-ccd91fb0ee87;NM-0023;Bao bì, vật liệu vật dụng bằng thuỷ tinh tiếp xúc trực tiếp với thực phẩm;;BAO BÌ;;
5a9f3862-cfd3-4eb2-9253-d8bf7b25aeec;NM-0024;Bao bì, vật liệu vật dụng tráng men thuỷ tinh, men sứ tiếp xúc trực tiếp với thực phẩm;;BAO BÌ;;
cb261b00-a0c6-472d-bd3b-2f76dcd389fa;NM-0025;Bao bì, vật liệu, vật dụng bằng cao su tiếp xúc trực tiếp với thực phẩm;;BAO BÌ;;
1d9fbad9-52a5-4dcd-ae19-07dddf1b158e;NM-0026;Bao bì, vật liệu, vật dụng bằng nhựa tiếp xúc trực tiếp với thực phẩm;;BAO BÌ;;
ad6c1658-b340-4153-94d0-d89029b70797;NM-0027;Bề mặt bao bì thực phẩm và các loại bao bì khác;;BAO BÌ;;
b2196ae2-fb09-46bc-8793-827c400832fc;NM-0028;Mỹ phẩm;;BAO BÌ;;
2bf027be-e35d-4af5-b769-bad543ff0aa4;NM-0029;Thuốc Thú Y;;BAO BÌ;;
e3c103d2-77ef-40fe-b3d6-4379cfcf69b2;NM-0030;Chế phẩm sinh học, nước ao;;CHẾ PHẨM SINH HỌC;;
f06e1885-22e2-4443-8c40-ad000cc3fe37;NM-0031;Phân bón;;CHẾ PHẨM SINH HỌC;;
fd1febbd-fc98-40c2-a646-8eaa00192336;NM-0032;Phân bón vi sinh;;CHẾ PHẨM SINH HỌC;;
fcaed530-dc1c-4e89-bc0c-ae5f9978cac9;NM-0033;Bùn, Đất;;ĐẤT, NƯỚC (MÔI TRƯỜNG);;
daacecf7-465f-420d-a630-fd7fbe40e923;NM-0034;Đất;;ĐẤT, NƯỚC (MÔI TRƯỜNG);;
c85eba55-3f6b-4cc6-94df-3ea7aba5a1b6;NM-0035;Mẫu nước thải chăn nuôi;;ĐẤT, NƯỚC (MÔI TRƯỜNG);;
96dc31ec-ee92-4e92-a826-a07e2928649a;NM-0036;Nước mặt, Nước thải;;ĐẤT, NƯỚC (MÔI TRƯỜNG);;
50f68635-734a-45a4-9f9e-55da5818f6d2;NM-0037;Nước thải;;ĐẤT, NƯỚC (MÔI TRƯỜNG);;
3cef80d6-6a53-4d1b-8ab8-5f8d71a77509;NM-0038;Bột, tinh bột;;DẪU MỠ ĐỘNG THỰC VẬT;;
e796f869-2dd5-4dfc-8996-f10e0d0cde1e;NM-0039;Dầu mỡ động vật và thực vật;;DẪU MỠ ĐỘNG THỰC VẬT;;
9569c3a3-0033-4d9f-bc4e-2c8a80f98dbb;NM-0040;Dầu thực vật ;;DẪU MỠ ĐỘNG THỰC VẬT;;
8ab6641e-318d-4a8f-9b2a-d4d71ba9003c;NM-0041;Thuốc thú Y ;;HÓA CHẤT;;
8edb6de9-bdcc-41cd-8d95-58171287a55b;NM-0042;Thuốc thú y, thuốc thú y thủy sản, nguyên liệu thuốc thú y, thuốc thú y thủy sản;;HÓA CHẤT;;
bb339c29-084c-4377-8f56-3e12d5a6b445;NM-0043;Sản phẩm dệt;;KHÁC;;
f79b060e-bd62-4a26-bf6b-fa14e3727b83;NM-0044;Vải, sản phẩm dệt may, cotton và sản phẩm từ cotton.;;KHÁC;;
09bd8b70-a2a1-4e18-bee2-ff0aba33aaa6;NM-0045;Mật ong;;MẬT ONG;;
648e1e77-78e2-43e9-953e-91d30907d5eb;NM-0046;Huyết thanh gia cầm;;MẪU BÊNH PHẨM THÚ Y;;
e9adb827-099f-4318-bde2-cb0e2dcfb8b9;NM-0047;Huyết thanh lợn;;MẪU BÊNH PHẨM THÚ Y;;
84e9c7b7-7aac-47a8-a5a9-90e090989243;NM-0048;Mẫu bệnh phẩm gia cầm. Mẫu quét bề mặt chuồng trại, mẫu nước thải  chăn nuôi;;MẪU BÊNH PHẨM THÚ Y;;
1dbf5fba-d7be-42f1-a40f-432089acb5ec;NM-0049;Mẫu bệnh phẩm gia súc, gia cầm;;MẪU BÊNH PHẨM THÚ Y;;
381d187b-ee47-4996-8353-e7b695d21625;NM-0050;Mẫu bệnh phẩm gia súc, gia cầm. Mẫu quét bề mặt chuồng trại, mẫu nước thải chăn nuôi.;;MẪU BÊNH PHẨM THÚ Y;;
e3a185e2-eb60-46b6-86ae-582f947e51a3;NM-0051;Mẫu bệnh phẩm từ gà, mẫu quét bề mặt chuồng trại, mẫu nước thải trong chăn nuôi.;;MẪU BÊNH PHẨM THÚ Y;;
8c6b6579-0f35-4354-8f07-08d2bdefd688;NM-0052;Mẫu bệnh phẩm, mẫu máu, mẫu huyết thanh từ lợn;;MẪU BÊNH PHẨM THÚ Y;;
dde55c35-b485-4765-81b4-bf8b8806b711;NM-0053;Mỹ phẩm;;Mỹ phẩm;;
b48e2ca7-c2b4-4c1f-ba41-6a1351ad6667;NM-0054;Bột mì và lúa mì;;NÔNG SẢN & SẢN PHẨM NÔNG SẢN;;
86891c78-3967-4d92-a62d-5c2a40a06ebb;NM-0055;Bột ngũ cốc;;NÔNG SẢN & SẢN PHẨM NÔNG SẢN;;
8581f0bb-4f31-49ed-90d0-2d1dfe6edf3e;NM-0056;Bột, tinh bột;;NÔNG SẢN & SẢN PHẨM NÔNG SẢN;;
f97c237d-ef0b-47cc-bcfa-09a98c9923c5;NM-0057;Cà phê;;NÔNG SẢN & SẢN PHẨM NÔNG SẢN;;
2dc18da4-4fb8-40b0-a0c3-8587350e7403;NM-0058;Cà phê bột;;NÔNG SẢN & SẢN PHẨM NÔNG SẢN;;
91eca297-05de-4f7a-85f2-60c911bb1c5e;NM-0059;Cà phê hạt;;NÔNG SẢN & SẢN PHẨM NÔNG SẢN;;
05c148d7-bca1-431a-8062-597a7f0e5f23;NM-0060;Cà phê hòa tan;;NÔNG SẢN & SẢN PHẨM NÔNG SẢN;;
2cb67744-87cb-4fcd-bfc2-c1974151e0f8;NM-0061;Cà phê nhân;;NÔNG SẢN & SẢN PHẨM NÔNG SẢN;;
7990f99d-f188-41bd-a980-483d4a4e08b1;NM-0062;Cà phê rang xay;;NÔNG SẢN & SẢN PHẨM NÔNG SẢN;;
0a458717-8280-430e-b19d-9db95a75fa3a;NM-0063;Các loại hạt;;NÔNG SẢN & SẢN PHẨM NÔNG SẢN;;
c91968dd-4512-4bf8-91b6-bdc7a9788ed4;NM-0064;Chè và sản phẩm chè;;NÔNG SẢN & SẢN PHẨM NÔNG SẢN;;
58b4d1f6-20df-4357-a266-9d7c47d2fd9e;NM-0065;Dầu thực vật ;;NÔNG SẢN & SẢN PHẨM NÔNG SẢN;;
e2b69cb9-f474-4547-8adc-83ff6771a591;NM-0066;Gạo;;NÔNG SẢN & SẢN PHẨM NÔNG SẢN;;
f7ba7a0d-1462-4e0e-bf71-822f493b4b09;NM-0067;Ngũ cốc, đậu đỗ và sản phẩm ngũ cốc;;NÔNG SẢN & SẢN PHẨM NÔNG SẢN;;
f6723d93-0262-436e-b09a-5b5c459a4b0a;NM-0068;NÔNG SẢN & SẢN PHẨM NÔNG SẢN;;NÔNG SẢN & SẢN PHẨM NÔNG SẢN;;
30ac0d6a-afd2-41c2-89fe-0fe4e869f474;NM-0069;Rau củ quả;;NÔNG SẢN & SẢN PHẨM NÔNG SẢN;;
f5b13b61-4812-4ef6-b585-68618cb32927;NM-0070;Rong biển;;NÔNG SẢN & SẢN PHẨM NÔNG SẢN;;
3daa5155-92d7-4003-a2ce-392fd65e0867;NM-0071;Sản phẩm cà phê;;NÔNG SẢN & SẢN PHẨM NÔNG SẢN;;
7c523e3b-c933-4464-9e12-66278aa5cc0f;NM-0072;Sản phẩm nghiền từ ngũ cốc;;NÔNG SẢN & SẢN PHẨM NÔNG SẢN;;
31d8b05c-a1fc-416d-9b59-c1e50a0418fd;NM-0073;Sản phẩm ngũ cốc dạng sợi ăn liền;;NÔNG SẢN & SẢN PHẨM NÔNG SẢN;;
ece84b70-928d-4d7e-89e4-9da3194cc93b;NM-0074;Thực vật biến đổi gen và sản phẩm có nguồn gốc từ thực vật;;NÔNG SẢN & SẢN PHẨM NÔNG SẢN;;
5c9fa745-80d3-4f31-adbd-158a0b78d685;NM-0075;Tinh bột;;NÔNG SẢN & SẢN PHẨM NÔNG SẢN;;
84013400-e953-4d84-ae80-8c63994352ca;NM-0076;Trà (Chè);;NÔNG SẢN & SẢN PHẨM NÔNG SẢN;;
d43bc065-e2e4-49e1-b58f-e714b91d37d5;NM-0077;Bia;;NƯỚC ĂN UỐNG;;
6739535d-5c7a-401e-b0c4-eb0638f78621;NM-0078;Đồ uống;;NƯỚC ĂN UỐNG;;
fd7a943d-6b67-4cc3-bdb7-9ec41f14de2b;NM-0079;Đồ uống có cồn;;NƯỚC ĂN UỐNG;;
116d2ae9-2add-4f64-8835-cbc94f43e886;NM-0080;Nước;;NƯỚC ĂN UỐNG;;
7b3c6d94-7aa7-4d2b-ba58-67fa1d365493;NM-0081;Nước đá;;NƯỚC ĂN UỐNG;;
e87280e7-ed16-46cf-b773-f6a9fe45603c;NM-0082;Nước đá, nước uống;;NƯỚC ĂN UỐNG;;
82d152cf-3f05-4ca6-beb1-9934202ecf35;NM-0083;Nước giải khát;;NƯỚC ĂN UỐNG;;
6e0b10a7-5364-480e-bb4a-cc7b450ff4e8;NM-0084;Nước giải khát có cồn, nước giải khát không cồn;;NƯỚC ĂN UỐNG;;
70d69a64-1cc7-41ca-a9fe-883125b05032;NM-0085;Nước mặt;;NƯỚC ĂN UỐNG;;
cce46854-263e-4e45-a4fe-48dab96339bb;NM-0086;"Nước mặt
Nước ngầm/ nước dưới đất
Nước uống đóng chai, nước khoáng thiên nhiên
Nước sinh hoạt
Nước thải";;NƯỚC ĂN UỐNG;;
acafd554-f2a3-48b9-ba99-d3c0a4284b93;NM-0087;"Nước mặt; Nước hồ bơi";;NƯỚC ĂN UỐNG;;
6fe36eb6-a10f-4d01-8ac4-3e71f685b00a;NM-0088;Nước ngầm/ nước dưới đất;;NƯỚC ĂN UỐNG;;
5f76a3a3-eb97-44a9-bd2c-61e7bd0561bb;NM-0089;"Nước sạch
Nước ngầm/ nước dưới đất";;NƯỚC ĂN UỐNG;;
bf96190e-8b2a-4df9-8471-4e154e07ca5a;NM-0090;"Nước sạch
Nước uống đóng chai, nước khoáng thiên nhiên";;NƯỚC ĂN UỐNG;;
912dd2c6-6ffa-470e-9141-9e7e19f576d4;NM-0091;Nước sạch ;;NƯỚC ĂN UỐNG;;
9803d616-aaa7-4513-a8ab-b84b82a77b15;NM-0092;"Nước sạch 
Nước uống đóng chai, nước khoáng thiên nhiên";;NƯỚC ĂN UỐNG;;
b0540d48-247b-4547-bf2f-8b9201c5cf6e;NM-0093;"Nước sạch, Nước đá, 
Nước thải";;NƯỚC ĂN UỐNG;;
1aec3cc9-3c90-44b5-9d4e-24bc49208e8e;NM-0094;Nước sạch, Nước mặt, Nước ngầm, Nước thải;;NƯỚC ĂN UỐNG;;
d2f46645-5735-4fcd-b22b-6306e1b63a9a;NM-0095;Nước sạch, Nước mặt, Nước thải,;;NƯỚC ĂN UỐNG;;
0423f29c-214b-4528-9f84-229ba37b2428;NM-0096;Nước sạch, nước uống đóng chai, nước khoáng thiên nhiên ;;NƯỚC ĂN UỐNG;;
a57edefe-6c6f-4711-b403-44aac2a2a5f3;NM-0097;Nước thải, nước ngầm, nước sạch, nước uống đóng chai, nước đá, nước RO;;NƯỚC ĂN UỐNG;;
6c3f6916-f636-4e58-8575-a20947eabda8;NM-0098;Nước uống;;NƯỚC ĂN UỐNG;;
5c26eab3-c93f-4e63-a806-104c23cb6ce9;NM-0099;"Nước uống đóng chai, nước khoáng thiên nhiên
Nước sinh hoạt
Nước thải";;NƯỚC ĂN UỐNG;;
45629ae4-b62c-43ce-b95c-d123b5eb6b6b;NM-0100;Nước uống đóng chai, Nước sạch, Nước mặt, Nước ngầm, Nước thải;;NƯỚC ĂN UỐNG;;
c59c3015-9f91-4c8f-b5b5-f09cb77ed18c;NM-0101;Rượu, cồn và đồ uống có cồn;;NƯỚC ĂN UỐNG;;
44cd2fee-3529-4d02-8722-b5f6535c71a7;NM-0102;Nước mắm;;NƯỚC CHẤM;;
a0c915c4-a1d2-4093-933b-8777e6f2e320;NM-0103;Nước tương;;NƯỚC CHẤM;;
d584f477-3ffe-4819-9ead-2ee0be823551;NM-0104;Phân bón;;Phân bón;;
d372e236-117e-4a39-9431-d3feae753337;NM-0105;Các loại phân bón có hàm lượng Ca không lớn hơn 5%;;PHÂN BÓN, CHẾ PHẨM SINH HỌC;;
95dd7e34-be92-419f-8692-6b13afb8266f;NM-0106;Các loại phân bón có hàm lượng Ca từ 5% trở lên;;PHÂN BÓN, CHẾ PHẨM SINH HỌC;;
2cfb8294-4dd2-40f1-b75b-37eacd1a867b;NM-0107;Các loại phân bón có hàm lượng Mg không lớn hơn 5%;;PHÂN BÓN, CHẾ PHẨM SINH HỌC;;
1a6544e5-3396-4408-8712-30b70fb62f25;NM-0108;Các loại phân bón có hàm lượng Mg từ 5% trở lên;;PHÂN BÓN, CHẾ PHẨM SINH HỌC;;
c04b25d9-8983-4284-aa51-bb3eaaa64b37;NM-0109;Các loại phân bón vi sinh;;PHÂN BÓN, CHẾ PHẨM SINH HỌC;;
e2726fc7-a1f2-4fbe-b37b-0d28fd34b28c;NM-0110;Môi trường bảo quản-vận chuyển virus, dụng cụ vô khuẩn, mỹ phẩm;;PHÂN BÓN, CHẾ PHẨM SINH HỌC;;
41272a34-12cf-4ffb-8338-aa61b2404d6c;NM-0111;Phân bón;;PHÂN BÓN, CHẾ PHẨM SINH HỌC;;
6e0a0783-feca-403b-a6a7-5b6e27a36ca0;NM-0112;Phân bón chứa Nitơ dạng Nitrat;;PHÂN BÓN, CHẾ PHẨM SINH HỌC;;
ef531efc-a87b-4ca7-9ec2-d177bfcc3f62;NM-0113;Phân bón dạng lỏng;;PHÂN BÓN, CHẾ PHẨM SINH HỌC;;
feda78be-6e06-4c2e-adcb-6d688b48e5c2;NM-0114;Phân bón dạng rắn;;PHÂN BÓN, CHẾ PHẨM SINH HỌC;;
d4710e5f-e880-4f7d-998a-2a00e2b354b3;NM-0115;Phân bón không chứa Nitơ dạng Nitrat;;PHÂN BÓN, CHẾ PHẨM SINH HỌC;;
7ed3ed17-2c9a-43b1-8aab-b7c6300ecfd1;NM-0116;Phân Diamoni photphat (DAP);;PHÂN BÓN, CHẾ PHẨM SINH HỌC;;
6f3a9996-0968-4602-9cdf-9a9996d06552;NM-0117;Phân hỗn hợp NPK;;PHÂN BÓN, CHẾ PHẨM SINH HỌC;;
f22f4473-d252-4d2a-92d1-84e80a0829a4;NM-0118;Phân lân nung chảy;;PHÂN BÓN, CHẾ PHẨM SINH HỌC;;
b2e0269f-4e95-4bf9-844f-665b676241e3;NM-0119;Phân supe phosphat;;PHÂN BÓN, CHẾ PHẨM SINH HỌC;;
a954fc64-26d9-409e-a182-6dfcbe0ad6fb;NM-0120;Phân Urê;;PHÂN BÓN, CHẾ PHẨM SINH HỌC;;
cc41cffc-74ce-4ab4-8e85-6540d9003324;NM-0121;Thuốc Thú Y;;PHÂN BÓN, CHẾ PHẨM SINH HỌC;;
91d58540-3c22-4202-979f-45417e00e3c7;NM-0122;Bột canh gia vị;;PHỤ GIA THỰC PHẨM;;
d1a9bd90-50b8-4157-9877-545b2385015a;NM-0123;Hương liệu, phụ gia thực phẩm;;PHỤ GIA THỰC PHẨM;;
5a9a1ff0-3160-471f-aefe-b80841d77625;NM-0124;Muối ăn;;PHỤ GIA THỰC PHẨM;;
9f60ab69-6814-4d15-bb44-84d913d9c755;NM-0125;Muối iot, bột gia vị;;PHỤ GIA THỰC PHẨM;;
6802256a-8c15-4c45-8ff6-509a218384a7;NM-0126;Phụ gia thực phẩm;;PHỤ GIA THỰC PHẨM;;
168f6fad-19bf-4c2e-bf0c-83e75503615b;NM-0127;Phomai, sản phẩm phomai;;SỮA & SẢN PHẨM SỮA;;
e0ae28b2-c8d1-4958-811f-f961133744ae;NM-0128;SỮA & SẢN PHẨM SỮA;;SỮA & SẢN PHẨM SỮA;;
c4fa6836-ad43-4d1d-bcec-da97fd1a7dab;NM-0129;Sữa bột và sản phẩm sữa bột;;SỮA & SẢN PHẨM SỮA;;
5c13d754-b926-46ef-a987-713b4de44727;NM-0130;Sữa chế biến;;SỮA & SẢN PHẨM SỮA;;
c0bb4d41-0837-45f3-b2cf-d77647c1f711;NM-0131;Sữa tươi nguyên liệu;;SỮA & SẢN PHẨM SỮA;;
4170a478-feb5-4d90-866f-762b87ee42c3;NM-0132;Sữa tươi tiệt trùng;;SỮA & SẢN PHẨM SỮA;;
5d6a713b-58a8-4706-bfe1-28607a2572a0;NM-0133;Thực phẩm bổ sung dạng sữa bột;;SỮA & SẢN PHẨM SỮA;;
ce45b4b6-3562-4cb9-9950-1b13d6b9a12b;NM-0134;TACN & NGUYÊN LIỆU;;TACN & NGUYÊN LIỆU;;
5d621b1c-1e09-4c50-8aa0-69f3b841cc69;NM-0135;THỨC ĂN CHĂN NUÔI;;THỨC ĂN CHĂN NUÔI;;
8127140d-175f-4747-aa4e-1530499fae9e;NM-0136;THỨC ĂN THỦY SẢN;;THỨC ĂN THỦY SẢN;;
44b742f8-6ed0-4550-9f8d-96562dc5cb56;NM-0137;Bánh mứt;;THỰC PHẨM;;
9d983b7f-a30b-4674-b2f7-09707373c79b;NM-0138;Bánh, mứt, kẹo;;THỰC PHẨM;;
ad79d9a2-37e9-41e4-aa16-c552818c2f28;NM-0139;Đồ hộp;;THỰC PHẨM;;
2a1fc094-9952-4266-bb85-fdecc955e5ce;NM-0140;Đồ hộp, thực phẩm;;THỰC PHẨM;;
6f3df48a-6b2e-4d62-a15f-00f7e0afb6d7;NM-0141;kẹo ;;THỰC PHẨM;;
e127e8d9-c77c-4fe3-9517-9858deb78eea;NM-0142;Thịt và sản phẩm thịt;;THỰC PHẨM;;
1d584dc3-6489-4f0f-9690-280c7924b8fe;NM-0143;Thực phẩm ;;THỰC PHẨM;;
5926ae1f-c042-4279-b019-a4358ea191a7;NM-0144;Thực phẩm (trừ sữa và sản phẩm sữa);;THỰC PHẨM;;
3ba7e877-1215-48f5-9dbe-9b21e8438ffc;NM-0145;Thực phẩm đã axit hóa;;THỰC PHẨM;;
b1a31928-45f6-46dc-ac1f-94ec347f0112;NM-0146;THỦY SẢN VÀ SẢN PHẨM THỦY SẢN;;THỦY SẢN VÀ SẢN PHẨM THỦY SẢN;;
14bf241b-36f1-46bb-afa7-d84afe1e0477;NM-0147;Đông trùng hạ thảo;;TP BVSK;;
6c7c8723-336f-47f8-88dd-41c6f22abf0f;NM-0148;Nhân sâm;;TP BVSK;;
47f9fb9b-f44b-4b2b-ada6-d5563af9b3ad;NM-0149;Thực phẩm bảo vệ sức khoẻ;;TP BVSK;;
ef4a9c18-d92a-475b-b3af-8c27b714a9ac;NM-0150;Thực phẩm bảo vệ sức khỏe, Thực phẩm bổ sung;;TP BVSK;;
700ad042-51e8-4e14-8be2-6de7421ea862;NM-0151;Thực phẩm bổ sung, thực phẩm bảo vệ sức khỏe;;TP BVSK;;
f279c486-ef44-4c5d-8d7a-40d286bdba64;NM-0152;Thực phẩm chức năng;;TP BVSK;;
258b1f12-8624-4538-a207-81435f408309;NM-0153; Vệ sinh bề mặt khu vực sản xuất (không bao gồm lấy mẫu);;VSCN;;
83277018-e371-4fb3-b028-fe9604dbfce9;NM-0154;Mẫu môi trường;;VSCN;;
7909e351-3947-43b9-a2c5-b8451e8b7c55;NM-0155;Mẫu quét bề mặt chuồng trại;;VSCN;;
ec4eef70-2803-429e-bf25-9cb93cdf34ff;NM-0156;Tăm bông quét mẫu bề mặt vật liệu;;VSCN;;