account,account_id,uniqueidentifier,NO,NULL,NULL
account,employee_id,uniqueidentifier,NO,NULL,NULL
account,permission_id,uniqueidentifier,NO,NULL,NULL
account,user_name,nvarchar,NO,NULL,-1
account,password_hash,nvarchar,NO,NULL,-1
account,status,nvarchar,NO,NULL,-1
analysis_group,analysis_group_id,uniqueidentifier,NO,NULL,NULL
analysis_group,analysis_group_code,nvarchar,NO,NULL,100
analysis_group,name_vi,nvarchar,NO,NULL,255
analysis_group,name_en,nvarchar,NO,NULL,255
analysis_group,status,nvarchar,NO,NULL,20
analysis_group,notes,nvarchar,YES,NULL,500
analysis_group,created_at,datetime2,NO,(sysdatetime()),NULL
analysis_group,updated_at,datetime2,YES,NULL,NULL
analysis_item,analysis_item_id,uniqueidentifier,NO,NULL,NULL
analysis_item,analysis_item_code,nvarchar,NO,NULL,50
analysis_item,name_vi,nvarchar,NO,NULL,255
analysis_item,name_en,nvarchar,NO,NULL,255
analysis_item,organization,nvarchar,YES,NULL,100
analysis_item,sample_matrix,nvarchar,YES,NULL,255
analysis_item,sample_matrix_group,nvarchar,YES,NULL,255
analysis_item,registered_matrix,nvarchar,YES,NULL,255
analysis_item,equipment_type_code,nvarchar,YES,NULL,50
analysis_item,analysis_group_id,uniqueidentifier,NO,NULL,NULL
analysis_item,published_group_code,nvarchar,YES,NULL,100
analysis_item,lod,decimal,YES,NULL,NULL
analysis_item,loq,decimal,YES,NULL,NULL
analysis_item,unit,nvarchar,YES,NULL,50
analysis_item,nd_107,bit,NO,((0)),NULL
analysis_item,iso,bit,NO,((0)),NULL
analysis_item,cuc_bvtv,bit,NO,((0)),NULL
analysis_item,bo_cong_thuong,bit,NO,((0)),NULL
analysis_item,nafi,bit,NO,((0)),NULL
analysis_item,cuc_chan_nuoi,bit,NO,((0)),NULL
analysis_item,status,nvarchar,NO,NULL,20
analysis_item,notes,nvarchar,YES,NULL,500
analysis_item,created_at,datetime2,NO,(sysdatetime()),NULL
analysis_item,updated_at,datetime2,YES,NULL,NULL
analysis_item,equipment_type_id,uniqueidentifier,YES,NULL,NULL
analysis_item,sample_matrix_id,uniqueidentifier,YES,NULL,NULL
analysis_item,sample_matrix_group_id,uniqueidentifier,YES,NULL,NULL
branch,branch_id,uniqueidentifier,NO,NULL,NULL
branch,branch_code,nvarchar,NO,NULL,-1
branch,name_vi,nvarchar,NO,NULL,-1
branch,name_en,nvarchar,NO,NULL,-1
branch,license,nvarchar,NO,NULL,-1
branch,notes,nvarchar,NO,NULL,-1
branch,status,nvarchar,NO,NULL,-1
client,client_id,uniqueidentifier,NO,NULL,NULL
client,company_name,nvarchar,NO,NULL,-1
client,internal_code,nvarchar,NO,NULL,-1
client,tax_code,nvarchar,NO,NULL,-1
client,bank_account_number,nvarchar,NO,NULL,-1
client,address,nvarchar,NO,NULL,-1
client,city,nvarchar,NO,NULL,-1
client,country,nvarchar,NO,NULL,-1
client,profession,nvarchar,NO,NULL,-1
client,scale,nvarchar,NO,NULL,-1
client,customer_type,nvarchar,NO,NULL,-1
client,discount_rate,decimal,NO,NULL,NULL
client,representative_name,nvarchar,NO,NULL,-1
client,representative_email,nvarchar,NO,NULL,-1
client,representative_phone,nvarchar,NO,NULL,-1
client,representative_title,nvarchar,NO,NULL,-1
client,sales_owner_name,nvarchar,NO,NULL,-1
client,sales_owner_email,nvarchar,NO,NULL,-1
client,sales_owner_phone,nvarchar,NO,NULL,-1
client,is_blacklisted,bit,NO,NULL,NULL
client,blacklist_reason,nvarchar,NO,NULL,-1
client,created_date,datetime2,NO,NULL,NULL
client,last_contact_date,datetime2,YES,NULL,NULL
client,status,nvarchar,NO,NULL,-1
client,notes,nvarchar,NO,NULL,-1
client,agent_name,nvarchar,YES,NULL,255
client,forecast,decimal,YES,NULL,NULL
client,revenue,decimal,YES,NULL,NULL
client,debt_contact_name,nvarchar,YES,NULL,255
client,debt_contact_phone,nvarchar,YES,NULL,50
client,debt_contact_email,nvarchar,YES,NULL,255
client,payment_method,nvarchar,YES,NULL,255
client_debt,client_debt_id,uniqueidentifier,NO,(newid()),NULL
client_debt,client_id,uniqueidentifier,NO,NULL,NULL
client_debt,payment_method,nvarchar,YES,NULL,255
client_debt,total_debt,decimal,NO,((0)),NULL
client_debt,debt_term_days,int,NO,((0)),NULL
client_debt,credit_limit,decimal,NO,((0)),NULL
client_debt,contract_effective_date,datetime2,YES,NULL,NULL
client_debt,contract_end_date,datetime2,YES,NULL,NULL
client_debt,attachments,nvarchar,YES,NULL,-1
client_debt,last_synced_at,datetime2,YES,NULL,NULL
client_debt,misa_reference_id,nvarchar,YES,NULL,100
client_debt,created_at,datetime2,NO,(getutcdate()),NULL
client_debt,updated_at,datetime2,YES,NULL,NULL
client_forecast,client_forecast_id,uniqueidentifier,NO,(newid()),NULL
client_forecast,client_id,uniqueidentifier,NO,NULL,NULL
client_forecast,from_date,datetime2,NO,NULL,NULL
client_forecast,to_date,datetime2,NO,NULL,NULL
client_forecast,forecast_amount,decimal,NO,NULL,NULL
client_forecast,notes,nvarchar,YES,NULL,-1
client_forecast,created_at,datetime2,NO,(getutcdate()),NULL
client_forecast,updated_at,datetime2,YES,NULL,NULL
client_forecast,created_by,uniqueidentifier,YES,NULL,NULL
client_forecast,updated_by,uniqueidentifier,YES,NULL,NULL
contact,contact_id,uniqueidentifier,NO,NULL,NULL
contact,client_id,uniqueidentifier,NO,NULL,NULL
contact,full_name,nvarchar,NO,NULL,-1
contact,email,nvarchar,NO,NULL,-1
contact,phone,nvarchar,NO,NULL,-1
contact,department,nvarchar,NO,NULL,-1
contact,title,nvarchar,NO,NULL,-1
contact,is_primary,bit,NO,NULL,NULL
contact,notes,nvarchar,YES,NULL,-1
contact,is_sample_sender,bit,NO,((0)),NULL
contact,is_result_receiver,bit,NO,((0)),NULL
contact,is_payer,bit,NO,((0)),NULL
department,department_id,uniqueidentifier,NO,NULL,NULL
department,department_code,nvarchar,NO,NULL,-1
department,branch_id,uniqueidentifier,NO,NULL,NULL
department,name_vi,nvarchar,NO,NULL,-1
department,name_en,nvarchar,NO,NULL,-1
department,notes,nvarchar,YES,NULL,-1
department,status,nvarchar,NO,NULL,-1
department_analysis_capability,department_analysis_capability_id,uniqueidentifier,NO,NULL,NULL
department_analysis_capability,department_id,uniqueidentifier,NO,NULL,NULL
department_analysis_capability,branch_id,nvarchar,NO,NULL,50
department_analysis_capability,analysis_item_id,uniqueidentifier,NO,NULL,NULL
department_analysis_capability,status,nvarchar,NO,NULL,20
department_analysis_capability,notes,nvarchar,YES,NULL,500
department_analysis_capability,created_at,datetime2,NO,(sysdatetime()),NULL
department_analysis_capability,updated_at,datetime2,YES,NULL,NULL
employee,employee_id,uniqueidentifier,NO,NULL,NULL
employee,employee_code,nvarchar,NO,NULL,-1
employee,department,nvarchar,NO,NULL,-1
employee,role,nvarchar,NO,NULL,-1
employee,full_name,nvarchar,NO,NULL,-1
employee,title,nvarchar,NO,NULL,-1
employee,email,nvarchar,NO,NULL,-1
employee,notes,nvarchar,NO,NULL,-1
employee,status,nvarchar,NO,NULL,-1
equipment_type,equipment_type_id,uniqueidentifier,NO,NULL,NULL
equipment_type,equipment_type_code,nvarchar,NO,NULL,50
equipment_type,name_vi,nvarchar,NO,NULL,255
equipment_type,name_en,nvarchar,NO,NULL,255
equipment_type,status,nvarchar,NO,NULL,20
equipment_type,notes,nvarchar,YES,NULL,500
equipment_type,created_at,datetime2,NO,(sysdatetime()),NULL
equipment_type,updated_at,datetime2,YES,NULL,NULL
package,package_id,uniqueidentifier,NO,(newid()),NULL
package,package_code,nvarchar,YES,NULL,50
package,name_vi,nvarchar,YES,NULL,500
package,name_en,nvarchar,YES,NULL,500
package,description,nvarchar,YES,NULL,-1
package,default_price,decimal,YES,NULL,NULL
package,status,nvarchar,NO,('Active'),50
package,notes,nvarchar,YES,NULL,-1
package,created_at,datetime2,NO,(getutcdate()),NULL
package,updated_at,datetime2,YES,NULL,NULL
package_analysis_group,package_analysis_group_id,uniqueidentifier,NO,(newid()),NULL
package_analysis_group,package_id,uniqueidentifier,NO,NULL,NULL
package_analysis_group,analysis_group_id,uniqueidentifier,NO,NULL,NULL
package_analysis_group,display_order,int,YES,NULL,NULL
package_analysis_group,is_required,bit,NO,((1)),NULL
package_analysis_group,notes,nvarchar,YES,NULL,-1
package_analysis_group,created_at,datetime2,NO,(getutcdate()),NULL
permission,permission_id,uniqueidentifier,NO,NULL,NULL
permission,permission_code,nvarchar,NO,NULL,-1
permission,name,nvarchar,NO,NULL,-1
permission,notes,nvarchar,NO,NULL,-1
permission,status,nvarchar,NO,NULL,-1
quotation,quotation_id,uniqueidentifier,NO,(newid()),NULL
quotation,quotation_code,nvarchar,YES,NULL,50
quotation,employee_id,uniqueidentifier,YES,NULL,NULL
quotation,sales_person_name,nvarchar,YES,NULL,255
quotation,sales_person_email,nvarchar,YES,NULL,255
quotation,sales_person_phone,nvarchar,YES,NULL,50
quotation,client_id,uniqueidentifier,NO,NULL,NULL
quotation,agent_name,nvarchar,YES,NULL,255
quotation,company_name,nvarchar,YES,NULL,255
quotation,contact_id,uniqueidentifier,YES,NULL,NULL
quotation,contact_name,nvarchar,YES,NULL,255
quotation,tax_code,nvarchar,YES,NULL,50
quotation,contact_email,nvarchar,YES,NULL,255
quotation,forecast,decimal,YES,NULL,NULL
quotation,contact_phone,nvarchar,YES,NULL,50
quotation,revenue,decimal,YES,NULL,NULL
quotation,address,nvarchar,YES,NULL,500
quotation,debt_contact_name,nvarchar,YES,NULL,255
quotation,debt_contact_phone,nvarchar,YES,NULL,50
quotation,debt_contact_email,nvarchar,YES,NULL,255
quotation,payment_method,nvarchar,YES,NULL,255
quotation,valid_from,datetime2,YES,NULL,NULL
quotation,valid_to,datetime2,YES,NULL,NULL
quotation,discount_percent,decimal,YES,NULL,NULL
quotation,sub_total,decimal,YES,NULL,NULL
quotation,total_discount_percent,decimal,YES,NULL,NULL
quotation,total_discount,decimal,YES,NULL,NULL
quotation,vat_percent,decimal,YES,((8)),NULL
quotation,vat_amount,decimal,YES,NULL,NULL
quotation,total_amount,decimal,YES,NULL,NULL
quotation,quotation_discount_percent,decimal,YES,NULL,NULL
quotation,client_discount_percent,decimal,YES,NULL,NULL
quotation,status,nvarchar,NO,('Draft'),50
quotation,notes,nvarchar,YES,NULL,-1
quotation,created_at,datetime2,NO,(getutcdate()),NULL
quotation,updated_at,datetime2,YES,NULL,NULL
quotation,created_by,uniqueidentifier,YES,NULL,NULL
quotation,updated_by,uniqueidentifier,YES,NULL,NULL
quotation_item,quotation_item_id,uniqueidentifier,NO,(newid()),NULL
quotation_item,quotation_id,uniqueidentifier,NO,NULL,NULL
quotation_item,item_type,nvarchar,NO,NULL,50
quotation_item,analysis_item_id,uniqueidentifier,YES,NULL,NULL
quotation_item,analysis_group_id,uniqueidentifier,YES,NULL,NULL
quotation_item,package_id,uniqueidentifier,YES,NULL,NULL
quotation_item,item_code,nvarchar,YES,NULL,50
quotation_item,item_name_vi,nvarchar,YES,NULL,500
quotation_item,item_name_en,nvarchar,YES,NULL,500
quotation_item,description,nvarchar,YES,NULL,-1
quotation_item,quantity,int,NO,((1)),NULL
quotation_item,unit_price,decimal,NO,NULL,NULL
quotation_item,discount_percent,decimal,YES,NULL,NULL
quotation_item,discount_amount,decimal,YES,NULL,NULL
quotation_item,sub_total,decimal,NO,NULL,NULL
quotation_item,display_order,int,YES,NULL,NULL
quotation_item,notes,nvarchar,YES,NULL,-1
quotation_item,created_at,datetime2,NO,(getutcdate()),NULL
quotation_item,updated_at,datetime2,YES,NULL,NULL
sample_matrix,sample_matrix_id,uniqueidentifier,NO,NULL,NULL
sample_matrix,sample_matrix_code,nvarchar,NO,NULL,50
sample_matrix,name_vi,nvarchar,NO,NULL,255
sample_matrix,name_en,nvarchar,YES,NULL,255
sample_matrix,sample_matrix_group,nvarchar,NO,NULL,255
sample_matrix,registered_matrix,nvarchar,YES,NULL,255
sample_matrix,status,nvarchar,NO,NULL,20
sample_matrix,notes,nvarchar,YES,NULL,500
sample_matrix,created_at,datetime2,NO,(sysdatetime()),NULL
sample_matrix,updated_at,datetime2,YES,NULL,NULL
sample_matrix,sample_matrix_group_id,uniqueidentifier,YES,NULL,NULL
sample_matrix_group,sample_matrix_group_id,uniqueidentifier,NO,NULL,NULL
sample_matrix_group,sample_matrix_group_code,nvarchar,NO,NULL,50
sample_matrix_group,name_vi,nvarchar,NO,NULL,255
sample_matrix_group,name_en,nvarchar,YES,NULL,255
sample_matrix_group,status,nvarchar,NO,NULL,20
sample_matrix_group,notes,nvarchar,YES,NULL,500
sample_matrix_group,created_at,datetime2,NO,(sysdatetime()),NULL
sample_matrix_group,updated_at,datetime2,YES,NULL,NULL

(245 rows affected)
